"","dx","0","1","2","3","4","Total"
"1","nv",0.917910447761194,0.0522388059701493,0.00597014925373134,0.00597014925373134,0.017910447761194,670
"2","mel",0.756756756756757,0.0990990990990991,0.0720720720720721,0.00900900900900901,0.0630630630630631,111
"3","bkl",0.909090909090909,0.0454545454545455,0.0272727272727273,0,0.0181818181818182,110
"4","bcc",0.823529411764706,0.0392156862745098,0.0784313725490196,0.0392156862745098,0.0196078431372549,51
"5","akiec",0.848484848484849,0.151515151515152,0,0,0,33
"6","vasc",0.928571428571429,0,0.0714285714285714,0,0,14
"7","df",0.916666666666667,0.0833333333333333,0,0,0,12
"8","Total",0.892107892107892,0.0589410589410589,0.01998001998002,0.00699300699300699,0.021978021978022,1001
